{"cameraMode":{"drawMode":0,"name":"Shaded","section":"Shading Mode"},"sceneLighting":true,"audioPlay":false,"sceneViewState":{"showFog":false,"showMaterialUpdate":false,"showSkybox":false,"showFlares":false,"showImageEffects":false,"showParticleSystems":false},"in2DMode":false,"pivot":{"x":-24.595199584960939,"y":-74.74295806884766,"z":-16.14718246459961},"rotation":{"x":0.2063623070716858,"y":-0.7665252685546875,"z":0.5298455357551575,"w":0.298570454120636},"size":59.37195587158203,"orthographic":false}