{"cameraMode":{"drawMode":0,"name":"Shaded","section":"Shading Mode"},"sceneLighting":true,"audioPlay":false,"sceneViewState":{"showFog":false,"showMaterialUpdate":false,"showSkybox":false,"showFlares":false,"showImageEffects":false,"showParticleSystems":false},"in2DMode":false,"pivot":{"x":-44.844573974609378,"y":-56.3639030456543,"z":-29.931291580200197},"rotation":{"x":0.17772378027439118,"y":-0.8170203566551209,"z":0.3332791030406952,"w":0.4357112646102905},"size":57.71074295043945,"orthographic":false}